	Feature	Degree Centrality	Betweenness Centrality	Eigenvector Centrality	Clustering Coefficient	Community
277	inter_2_VSAEstate1*MoranAuto_Mutability2	0.187066974595843	0.00897741662672647	0.141861776387843	0.695987654320988	Community 1
127	inter_2_VSAEstate1*QSOgrant47	0.187066974595843	0.00897741662672647	0.141861776387843	0.695987654320988	Community 1
146	inter_2_TPSA1*YPM	0.184757505773672	0.000902458723031189	0.141786317156588	0.713291139240506	Community 1
218	inter_2_TPSA1*GearyAuto_Mutability7	0.184757505773672	0.000902458723031189	0.141786317156588	0.713291139240506	Community 1
196	inter_2_MTPSA*YG	0.184757505773672	0.000902458723031189	0.141786317156588	0.713291139240506	Community 1
233	inter_2_MTPSA*GearyAuto_Mutability30	0.184757505773672	0.000902458723031189	0.141786317156588	0.713291139240506	Community 1
143	inter_2_MTPSA*MoranAuto_AvFlexibility24	0.184757505773672	0.000902458723031189	0.141786317156588	0.713291139240506	Community 1
248	inter_2_MTPSA*QSOSW19	0.184757505773672	0.000902458723031189	0.141786317156588	0.713291139240506	Community 1
252	inter_2_MTPSA*323	0.184757505773672	0.000902458723031189	0.141786317156588	0.713291139240506	Community 1
202	inter_2_TPSA1*GNF	0.184757505773672	0.000902458723031189	0.141786317156588	0.713291139240506	Community 1
247	inter_2_slogPVSA0*_ChargeC3	0.177829099307159	0.000809079728523391	0.138447498904918	0.737525632262474	Community 1
204	inter_2_slogPVSA0*MoreauBrotoAuto_AvFlexibility26	0.177829099307159	0.000809079728523391	0.138447498904918	0.737525632262474	Community 1
109	inter_2_MRVSA0*346	0.166281755196305	0.00295039555291632	0.121325914439467	0.677230046948357	Community 1
209	inter_2_MRVSA0*MoranAuto_Polarizability5	0.166281755196305	0.00295039555291632	0.121325914439467	0.677230046948357	Community 1
103	inter_2_MRVSA0*ISI	0.166281755196305	0.00295039555291632	0.121325914439467	0.677230046948357	Community 1
275	inter_2_LabuteASA*GearyAuto_ResidueASA10	0.159353348729792	0.00625999559470271	0.11257498097535	0.645780051150895	Community 1
228	inter_2_LabuteASA*GearyAuto_ResidueVol27	0.159353348729792	0.00625999559470271	0.11257498097535	0.645780051150895	Community 1
162	inter_2_LabuteASA*MoreauBrotoAuto_Steric27	0.159353348729792	0.00625999559470271	0.11257498097535	0.645780051150895	Community 1
173	inter_2_PEOEVSA1*GearyAuto_Mutability24	0.157043879907621	0.00056212564321141	0.125606073082691	0.785338015803336	Community 1
165	inter_2_PEOEVSA1*341	0.157043879907621	0.00056212564321141	0.125606073082691	0.785338015803336	Community 1
138	inter_2_PEOEVSA1*IT	0.157043879907621	0.00056212564321141	0.125606073082691	0.785338015803336	Community 1
130	inter_2_PEOEVSA1*611	0.157043879907621	0.00056212564321141	0.125606073082691	0.785338015803336	Community 1
112	inter_2_PEOEVSA1*taugrant30	0.157043879907621	0.00056212564321141	0.125606073082691	0.785338015803336	Community 1
226	inter_2_PEOEVSA1*FAF	0.157043879907621	0.00056212564321141	0.125606073082691	0.785338015803336	Community 1
249	inter_2_PEOEVSA1*122	0.157043879907621	0.00056212564321141	0.125606073082691	0.785338015803336	Community 1
115	inter_2_PEOEVSA1*MoreauBrotoAuto_ResidueASA30	0.157043879907621	0.00056212564321141	0.125606073082691	0.785338015803336	Community 1
169	inter_2_PEOEVSA1*MoreauBrotoAuto_AvFlexibility6	0.157043879907621	0.00056212564321141	0.125606073082691	0.785338015803336	Community 1
281	inter_2_VSAEstate5*GearyAuto_Steric29	0.150115473441109	0.000330660687821749	0.123948269156994	0.830769230769231	Community 1
98	inter_2_VSAEstate5*266	0.150115473441109	0.000330660687821749	0.123948269156994	0.830769230769231	Community 1
205	inter_2_VSAEstate5*FLD	0.150115473441109	0.000330660687821749	0.123948269156994	0.830769230769231	Community 1
211	inter_2_VSAEstate5*_SolventAccessibilityD1001	0.150115473441109	0.000330660687821749	0.123948269156994	0.830769230769231	Community 1
87	inter_2_VSAEstate5*_PolarityC3	0.150115473441109	0.000330660687821749	0.123948269156994	0.830769230769231	Community 1
157	inter_2_VSAEstate5*423	0.150115473441109	0.000330660687821749	0.123948269156994	0.830769230769231	Community 1
142	inter_2_VSAEstate5*YR	0.150115473441109	0.000330660687821749	0.123948269156994	0.830769230769231	Community 1
107	inter_2_VSAEstate5*PAAC38	0.150115473441109	0.000330660687821749	0.123948269156994	0.830769230769231	Community 1
278	inter_2_VSAEstate5*MoreauBrotoAuto_AvFlexibility29	0.150115473441109	0.000330660687821749	0.123948269156994	0.830769230769231	Community 1
102	inter_2_PEOEVSA11*KMK	0.140877598152425	0.000145143178038322	0.114614664544986	0.82568306010929	Community 1
221	inter_2_PEOEVSA11*YL	0.140877598152425	0.000145143178038322	0.114614664544986	0.82568306010929	Community 1
158	inter_2_PEOEVSA11*AS	0.140877598152425	0.000145143178038322	0.114614664544986	0.82568306010929	Community 1
274	inter_2_slogPVSA2*MoranAuto_Mutability27	0.138568129330254	0.000215161977148824	0.11351017183682	0.835028248587571	Community 1
198	inter_2_EstateVSA10*_HydrophobicityC3	0.136258660508083	0.000112447221755248	0.10949934376397	0.829339567504383	Community 1
282	inter_2_EstateVSA10*MoreauBrotoAuto_Steric3	0.136258660508083	0.000112447221755248	0.10949934376397	0.829339567504383	Community 1
240	inter_2_EstateVSA0*_ChargeD2050	0.136258660508083	0.00420904800711168	0.10133085708348	0.730566919929866	Community 1
267	inter_2_EstateVSA0*I	0.136258660508083	0.00420904800711168	0.10133085708348	0.730566919929866	Community 1
222	inter_2_EstateVSA10*GearyAuto_Hydrophobicity1	0.136258660508083	0.000112447221755248	0.10949934376397	0.829339567504383	Community 1
184	inter_2_EstateVSA0*P	0.136258660508083	0.00420904800711168	0.10133085708348	0.730566919929866	Community 1
150	inter_2_EstateVSA0*MoreauBrotoAuto_ResidueVol4	0.136258660508083	0.00420904800711168	0.10133085708348	0.730566919929866	Community 1
129	inter_2_EstateVSA0*MoranAuto_Steric26	0.136258660508083	0.00420904800711168	0.10133085708348	0.730566919929866	Community 1
101	inter_2_EstateVSA10*MoranAuto_Mutability18	0.136258660508083	0.000112447221755248	0.10949934376397	0.829339567504383	Community 1
104	inter_2_EstateVSA0*LNP	0.136258660508083	0.00420904800711168	0.10133085708348	0.730566919929866	Community 1
225	inter_2_VSAEstate5*QSOSW12	0.133949191685912	0.000288796518503769	0.113350757569814	0.871748336358137	Community 1
92	inter_2_slogPVSA0*QSOSW13	0.131639722863741	0.000112384101694318	0.105280422371877	0.825814536340852	Community 1
159	inter_2_MRVSA2*GearyAuto_Hydrophobicity17	0.124711316397229	7.89168874541959E-05	0.100867367532241	0.849056603773585	Community 1
106	inter_2_MRVSA2*RML	0.124711316397229	7.89168874541959E-05	0.100867367532241	0.849056603773585	Community 1
156	inter_2_MRVSA2*APAAC6	0.124711316397229	7.89168874541959E-05	0.100867367532241	0.849056603773585	Community 1
270	inter_2_MRVSA2*_PolarizabilityD1025	0.124711316397229	7.89168874541959E-05	0.100867367532241	0.849056603773585	Community 1
242	inter_2_slogPVSA1*LQM	0.115473441108545	0.000158703538954459	0.0956781926382925	0.830204081632653	Community 1
268	inter_2_slogPVSA1*MoreauBrotoAuto_Mutability16	0.115473441108545	0.000158703538954459	0.0956781926382925	0.830204081632653	Community 1
181	inter_2_slogPVSA1*KY	0.115473441108545	0.000158703538954459	0.0956781926382925	0.830204081632653	Community 1
85	inter_2_slogPVSA1*542	0.115473441108545	0.000158703538954459	0.0956781926382925	0.830204081632653	Community 1
111	inter_2_PEOEVSA0*MoranAuto_Steric18	0.113163972286374	9.39277382756701E-05	0.0936889044758917	0.892006802721089	Community 1
192	inter_2_PEOEVSA0*QSOSW10	0.113163972286374	9.39277382756701E-05	0.0936889044758917	0.892006802721089	Community 1
276	inter_2_PEOEVSA0*MoranAuto_Polarizability28	0.113163972286374	9.39277382756701E-05	0.0936889044758918	0.892006802721089	Community 1
238	inter_2_PEOEVSA0*LYA	0.113163972286374	9.39277382756701E-05	0.0936889044758918	0.892006802721089	Community 1
155	inter_2_PEOEVSA0*GearyAuto_ResidueASA27	0.113163972286374	9.39277382756701E-05	0.0936889044758917	0.892006802721089	Community 1
261	inter_2_PEOEVSA0*HP	0.113163972286374	9.39277382756701E-05	0.0936889044758918	0.892006802721089	Community 1
154	inter_2_PEOEVSA0*GearyAuto_ResidueASA3	0.113163972286374	9.39277382756701E-05	0.0936889044758917	0.892006802721089	Community 1
120	inter_2_PEOEVSA9*GearyAuto_ResidueVol13	0.0969976905311778	1.39405045224819E-05	0.0821772551664201	0.974448315911731	Community 1
180	inter_2_PEOEVSA9*_PolarityD3025	0.0969976905311778	1.39405045224819E-05	0.0821772551664201	0.974448315911731	Community 1
174	inter_2_PEOEVSA9*MoreauBrotoAuto_Hydrophobicity11	0.0969976905311778	1.39405045224819E-05	0.0821772551664201	0.974448315911731	Community 1
212	inter_2_MRVSA9*GearyAuto_Polarizability11	0.0854503464203233	1.06919852878282E-05	0.069268862585469	0.960960960960961	Community 1
220	inter_2_MRVSA9*KM	0.0854503464203233	1.06919852878282E-05	0.069268862585469	0.960960960960961	Community 1
126	inter_2_MRVSA9*taugrant45	0.0854503464203233	1.06919852878282E-05	0.069268862585469	0.960960960960961	Community 1
172	inter_2_VSAEstate4*taugrant23	0.0854503464203233	0.000425310576615225	0.0688688225864692	0.90990990990991	Community 1
176	inter_2_MRVSA9*MoranAuto_Hydrophobicity28	0.0854503464203233	1.06919852878282E-05	0.069268862585469	0.960960960960961	Community 1
160	inter_2_VSAEstate4*CA	0.0854503464203233	0.000425310576615225	0.0688688225864692	0.90990990990991	Community 1
271	inter_2_MRVSA9*GearyAuto_Steric25	0.0854503464203233	1.06919852878282E-05	0.069268862585469	0.960960960960961	Community 1
224	inter_2_MRVSA9*MoreauBrotoAuto_Polarizability26	0.0854503464203233	1.06919852878282E-05	0.069268862585469	0.960960960960961	Community 1
84	inter_2_VSAEstate4*712	0.0854503464203233	0.000425310576615225	0.0688688225864692	0.90990990990991	Community 1
73	VR2_DzZ	0.0646651270207852	0.0211220248030734	0.0162985639404391	0.455026455026455	Community 2
144	inter_2_VSAEstate0*VY	0.0623556581986143	0.00382956891032056	0.0278337138436027	0.666666666666667	Community 1
110	inter_2_slogPVSA6*MoranAuto_Polarizability21	0.0623556581986143	6.01424172440339E-06	0.0494801165957634	0.948717948717949	Community 1
132	inter_2_VSAEstate0*VM	0.0623556581986143	0.00382956891032056	0.0278337138436027	0.666666666666667	Community 1
54	VE1_D	0.0623556581986143	0.00754249920048652	0.0162939346764454	0.487179487179487	Community 2
279	inter_2_slogPVSA6*MoranAuto_FreeEnergy26	0.0623556581986143	6.01424172440339E-06	0.0494801165957634	0.948717948717949	Community 1
149	inter_2_VSAEstate0*466	0.0623556581986143	0.00382956891032056	0.0278337138436027	0.666666666666667	Community 1
260	inter_2_MRVSA4*YSI	0.0600461893764434	0.00605981291467185	0.00274986703106587	0.449230769230769	Community 3
197	inter_2_MRVSA4*MoreauBrotoAuto_Steric16	0.0600461893764434	0.00605981291467185	0.00274986703106587	0.449230769230769	Community 3
145	inter_2_slogPVSA4*IKA	0.0577367205542725	0.00437195311974156	0.00273796395685387	0.466666666666667	Community 3
231	inter_2_slogPVSA4*GearyAuto_Polarizability20	0.0577367205542725	0.00437195311974156	0.00273796395685387	0.466666666666667	Community 3
97	inter_2_EstateVSA9*I	0.0484988452655889	0.00301189298644822	0.0238482832872421	0.771428571428571	Community 1
91	inter_2_EstateVSA9*GearyAuto_Mutability8	0.0484988452655889	0.00301189298644822	0.0238482832872421	0.771428571428571	Community 1
93	inter_2_EstateVSA9*FLD	0.0484988452655889	0.00301189298644822	0.0238482832872421	0.771428571428571	Community 1
48	VE2_A	0.046189376443418	0.00321833958653367	0.0162126156589296	0.536842105263158	Community 2
59	ATS4p	0.0438799076212471	0.00490107794531699	0.00100261720346242	0.672514619883041	Community 2
43	LabuteASA	0.0415704387990762	0.00106994073065956	0.00100054811771086	0.784313725490196	Community 2
31	ATS0v	0.0392609699769053	0.00025611462480067	0.000997620703886964	0.830882352941176	Community 2
77	ATS2Z	0.0392609699769053	0.00025611462480067	0.000997620703886964	0.830882352941176	Community 2
30	C2SP3	0.0369515011547344	0.00795546348887014	0.000733898729934399	0.416666666666667	Community 2
3	Kier2	0.0369515011547344	0.000308444854417954	0.000973843189993387	0.875	Community 2
2	ATS4dv	0.0369515011547344	6.18181803227993E-05	0.000987712790357358	0.816666666666667	Community 2
81	Xc-3d	0.0369515011547344	1.96176389401948E-05	0.000985717629674958	0.883333333333333	Community 2
50	ZMIC2	0.0369515011547344	0.00154877844492594	0.000708070575830677	0.775	Community 2
55	SpDiam_Dzi	0.0369515011547344	0.000827321400680391	0.000723689332295127	0.866666666666667	Community 2
0	nRot	0.0346420323325635	0.000276729240503694	0.000711786258083122	0.923809523809524	Community 2
35	SpAD_Dzv	0.0346420323325635	0.000276729240503694	0.000711786258083122	0.923809523809524	Community 2
17	SpAD_DzZ	0.0346420323325635	0.000276729240503694	0.000711786258083122	0.923809523809524	Community 2
21	LogEE_Dzm	0.0346420323325635	0.000276729240503694	0.000711786258083122	0.923809523809524	Community 2
12	SRW10	0.0300230946882217	0.0140221019146103	0.000285731443150232	0.730769230769231	Community 2
168	inter_2_VSAEstate6*MoreauBrotoAuto_FreeEnergy12	0.0277136258660508	0.000197004272644272	0.000217260763588315	0.924242424242424	Community 3
200	inter_2_VSAEstate6*PAAC30	0.0277136258660508	0.000197004272644272	0.000217260763588315	0.924242424242424	Community 3
253	inter_2_VSAEstate6*MoranAuto_Mutability2	0.0277136258660508	0.000197004272644272	0.000217260763588315	0.924242424242424	Community 3
23	ATSC1d	0.0277136258660508	0.0016212104549287	2.22674643070116E-05	0.848484848484848	Community 2
90	inter_2_VSAEstate6*MoreauBrotoAuto_AvFlexibility1	0.0277136258660508	0.000197004272644272	0.000217260763588315	0.924242424242424	Community 3
171	inter_2_VSAEstate6*LMI	0.0277136258660508	0.000197004272644272	0.000217260763588315	0.924242424242424	Community 3
259	inter_2_VSAEstate3*MoranAuto_FreeEnergy17	0.0254041570438799	0	6.01321609450527E-06	1	Community 2
175	inter_2_PEOEVSA6*ALY	0.0254041570438799	0	0.000204227500336826	1	Community 3
188	inter_2_PEOEVSA6*DT	0.0254041570438799	0	0.000204227500336826	1	Community 3
272	inter_2_PEOEVSA6*DEN	0.0254041570438799	0	0.000204227500336827	1	Community 3
251	inter_2_VSAEstate3*PV	0.0254041570438799	0	6.01321609450527E-06	1	Community 2
151	inter_2_EstateVSA8*GearyAuto_FreeEnergy12	0.0254041570438799	0	0.0133357341376809	1	Community 1
265	inter_2_PEOEVSA6*QSOSW31	0.0254041570438799	0	0.000204227500336827	1	Community 3
166	inter_2_VSAEstate3*MoranAuto_ResidueVol9	0.0254041570438799	0	6.01321609450527E-06	1	Community 2
208	inter_2_VSAEstate3*GearyAuto_Polarizability20	0.0254041570438799	0	6.01321609450527E-06	1	Community 2
266	inter_2_PEOEVSA6*tausw5	0.0254041570438799	0	0.000204227500336827	1	Community 3
136	inter_2_PEOEVSA6*464	0.0254041570438799	0	0.000204227500336826	1	Community 3
186	inter_2_PEOEVSA7*MoreauBrotoAuto_ResidueASA8	0.0254041570438799	0	0.00020535768937631	1	Community 3
133	inter_2_EstateVSA8*QT	0.0254041570438799	0	0.0133357341376809	1	Community 1
216	inter_2_PEOEVSA7*MoranAuto_Mutability14	0.0254041570438799	0	0.00020535768937631	1	Community 3
137	inter_2_VSAEstate3*MoreauBrotoAuto_Steric16	0.0254041570438799	0	6.01321609450527E-06	1	Community 2
124	inter_2_PEOEVSA6*LTF	0.0254041570438799	0	0.000204227500336826	1	Community 3
193	inter_2_PEOEVSA6*GearyAuto_FreeEnergy18	0.0254041570438799	0	0.000204227500336826	1	Community 3
191	inter_2_VSAEstate3*LQM	0.0254041570438799	0	6.01321609450527E-06	1	Community 2
118	inter_2_VSAEstate3*MoreauBrotoAuto_ResidueVol23	0.0254041570438799	0	6.01321609450527E-06	1	Community 2
119	inter_2_VSAEstate3*MoranAuto_FreeEnergy6	0.0254041570438799	0	6.01321609450527E-06	1	Community 2
122	inter_2_EstateVSA8*535	0.0254041570438799	0	0.0133357341376809	1	Community 1
214	inter_2_VSAEstate3*MoreauBrotoAuto_Hydrophobicity4	0.0254041570438799	0	6.01321609450527E-06	1	Community 2
89	inter_2_VSAEstate3*MVT	0.0254041570438799	0	6.01321609450527E-06	1	Community 2
232	inter_2_PEOEVSA7*MoreauBrotoAuto_FreeEnergy27	0.0254041570438799	0	0.00020535768937631	1	Community 3
65	IC4	0.023094688221709	1.46226606484497E-05	0.000913998658309396	0.888888888888889	Community 2
385	MACCS_FP_72	0.023094688221709	9.62278675904542E-05	8.55267327477255E-09	0.8	Community 5
53	VSA_EState5	0.0207852193995381	0.00410766487454498	0.000179808517754217	0.777777777777778	Community 2
152	inter_2_PEOEVSA10*TFS	0.0207852193995381	0	8.45786785909417E-09	1	Community 5
236	inter_2_PEOEVSA10*FAF	0.0207852193995381	0	8.45786785909417E-09	1	Community 5
190	inter_2_PEOEVSA10*353	0.0207852193995381	0	8.45786785909417E-09	1	Community 5
86	inter_2_PEOEVSA10*_PolarizabilityD1100	0.0207852193995381	0	8.45786785909417E-09	1	Community 5
114	inter_2_PEOEVSA10*WEN	0.0207852193995381	0	8.45786785909417E-09	1	Community 5
94	inter_2_PEOEVSA10*VG	0.0207852193995381	0	8.45786785909417E-09	1	Community 5
229	inter_2_PEOEVSA10*744	0.0207852193995381	0	8.45786785909417E-09	1	Community 5
139	inter_2_PEOEVSA10*_PolarityD1001	0.0207852193995381	0	8.45786785909417E-09	1	Community 5
230	inter_2_PEOEVSA10*LPQ	0.0207852193995381	0	8.45786785909417E-09	1	Community 5
187	inter_2_slogPVSA5*MoreauBrotoAuto_Mutability29	0.0184757505773672	8.5535882302626E-06	1.53504446039503E-09	0.857142857142857	Community 6
8	AATS5s	0.0184757505773672	0.0191872371348563	0.00466969424100013	0.321428571428571	Community 4
100	inter_2_slogPVSA5*APV	0.0184757505773672	8.5535882302626E-06	1.53504446039503E-09	0.857142857142857	Community 6
244	inter_2_slogPVSA5*GearyAuto_ResidueVol19	0.0184757505773672	8.5535882302626E-06	1.53504446039503E-09	0.857142857142857	Community 6
239	inter_2_slogPVSA5*QSOgrant10	0.0184757505773672	8.5535882302626E-06	1.53504446039503E-09	0.857142857142857	Community 6
170	inter_2_slogPVSA5*466	0.0184757505773672	8.5535882302626E-06	1.53504446039503E-09	0.857142857142857	Community 6
269	inter_2_MRVSA5*TI	0.0161662817551963	0	1.11400658047436E-09	1	Community 8
167	inter_2_MRVSA5*MoranAuto_FreeEnergy24	0.0161662817551963	0	1.11400658047436E-09	1	Community 8
219	inter_2_MRVSA5*275	0.0161662817551963	0	1.11400658047436E-09	1	Community 8
263	inter_2_MRVSA5*KDR	0.0161662817551963	0	1.11400658047436E-09	1	Community 8
234	inter_2_MRVSA5*_SolventAccessibilityD1100	0.0161662817551963	0	1.11400658047436E-09	1	Community 8
213	inter_2_MRVSA5*QSOgrant33	0.0161662817551963	0	1.11400658047436E-09	1	Community 8
194	inter_2_MRVSA5*KRC	0.0161662817551963	0	1.11400658047436E-09	1	Community 8
66	AATS5pe	0.0161662817551963	0.00763407749550937	8.08771368129637E-05	0.476190476190476	Community 4
223	inter_2_MRVSA5*ITR	0.0161662817551963	0	1.11400658047436E-09	1	Community 8
11	AATS6s	0.0138568129330254	0.000418769423773273	8.20956995900737E-05	0.733333333333333	Community 4
280	inter_2_slogPVSA3*MoranAuto_ResidueASA5	0.0138568129330254	0	3.34934769152674E-10	1	Community 10
189	inter_2_VSAEstate7*MoranAuto_Polarizability5	0.0138568129330254	0	3.34934769152674E-10	1	Community 9
195	inter_2_VSAEstate7*GearyAuto_Steric14	0.0138568129330254	0	3.34934769152674E-10	1	Community 9
164	inter_2_VSAEstate7*SE	0.0138568129330254	0	3.34934769152674E-10	1	Community 9
243	inter_2_MRVSA6*RFT	0.0138568129330254	0	1.23455587736706E-09	1	Community 6
83	inter_2_VSAEstate7*_PolarityD1050	0.0138568129330254	0	3.34934769152674E-10	1	Community 9
116	inter_2_slogPVSA3*SVR	0.0138568129330254	0	3.34934769152674E-10	1	Community 10
80	AATS7pe	0.0138568129330254	0.00275853220425969	8.08556507601556E-05	0.666666666666667	Community 4
123	inter_2_MRVSA6*RR	0.0138568129330254	0	1.23455587736706E-09	1	Community 6
125	inter_2_PEOEVSA5*RP	0.0138568129330254	0	1.23455587736706E-09	1	Community 6
131	inter_2_slogPVSA3*GearyAuto_FreeEnergy9	0.0138568129330254	0	3.34934769152674E-10	1	Community 10
134	inter_2_MRVSA3*MoreauBrotoAuto_Hydrophobicity12	0.0138568129330254	0	3.34934769152674E-10	1	Community 10
135	inter_2_MRVSA3*MoreauBrotoAuto_AvFlexibility9	0.0138568129330254	0	3.34934769152674E-10	1	Community 10
29	AATS0s	0.0138568129330254	0.000418769423773273	8.20956995900737E-05	0.733333333333333	Community 4
241	inter_2_VSAEstate7*216	0.0138568129330254	0	3.34934769152674E-10	1	Community 9
207	inter_2_PEOEVSA5*MoreauBrotoAuto_Steric10	0.0138568129330254	0	1.23455587736706E-09	1	Community 6
206	inter_2_VSAEstate7*GearyAuto_Mutability21	0.0138568129330254	0	3.34934769152674E-10	1	Community 9
42	nG12FAHRing	0.0138568129330254	7.84078921107404E-05	2.53420286170095E-11	0.466666666666667	Community 7
256	inter_2_VSAEstate7*427	0.0138568129330254	0	3.34934769152674E-10	1	Community 9
262	inter_2_MRVSA3*636	0.0138568129330254	0	3.34934769152674E-10	1	Community 10
161	inter_2_slogPVSA3*QSOSW35	0.0138568129330254	0	3.34934769152674E-10	1	Community 10
199	inter_2_PEOEVSA8*GGS	0.0115473441108545	0	8.36448346079899E-11	1	Community 11
235	inter_2_slogPVSA11*_SolventAccessibilityD3100	0.0115473441108545	0	8.36448346079899E-11	1	Community 13
201	inter_2_VSAEstate2*IDP	0.0115473441108545	0	8.36448346079899E-11	1	Community 12
245	inter_2_VSAEstate2*LYL	0.0115473441108545	0	8.36448346079899E-11	1	Community 12
210	inter_2_PEOEVSA8*GearyAuto_FreeEnergy27	0.0115473441108545	0	8.36448346079899E-11	1	Community 11
257	inter_2_slogPVSA11*_PolarizabilityD2025	0.0115473441108545	0	8.36448346079899E-11	1	Community 13
427	Avalon_FP_380	0.0115473441108545	3.56399509594275E-05	2.31952097999048E-11	0.6	Community 7
246	inter_2_PEOEVSA8*LMI	0.0115473441108545	0	8.36448346079899E-11	1	Community 11
217	inter_2_VSAEstate9*VIS	0.0115473441108545	0	8.36448346079899E-11	1	Community 13
108	inter_2_PEOEVSA8*_PolarityD1075	0.0115473441108545	0	8.36448346079899E-11	1	Community 11
183	inter_2_PEOEVSA8*QSOSW37	0.0115473441108545	0	8.36448346079899E-11	1	Community 11
40	SsCl	0.0115473441108545	0	8.36448346079899E-11	1	Community 13
88	inter_2_VSAEstate2*MoreauBrotoAuto_Polarizability26	0.0115473441108545	0	8.36448346079899E-11	1	Community 12
96	inter_2_slogPVSA11*QSOgrant48	0.0115473441108545	0	8.36448346079899E-11	1	Community 13
140	inter_2_PEOEVSA8*MoreauBrotoAuto_Polarizability2	0.0115473441108545	0	8.36448346079899E-11	1	Community 11
148	inter_2_VSAEstate2*MoreauBrotoAuto_ResidueASA22	0.0115473441108545	0	8.36448346079899E-11	1	Community 12
64	IC3	0.0115473441108545	0	0.000833201511529468	1	Community 2
163	inter_2_VSAEstate2*MoreauBrotoAuto_Polarizability27	0.0115473441108545	0	8.36448346079899E-11	1	Community 12
182	inter_2_VSAEstate2*GearyAuto_ResidueVol22	0.0115473441108545	0	8.36448346079899E-11	1	Community 12
178	inter_2_VSAEstate9*MoreauBrotoAuto_Hydrophobicity24	0.0115473441108545	0	8.36448346079899E-11	1	Community 13
95	inter_2_PEOEVSA12*VSS	0.0092378752886836	0	1.62109293229058E-11	1	Community 14
62	AATS7dv	0.0092378752886836	0.00327174749807544	2.65799832618201E-06	0.333333333333333	Community 4
10	AATSC0c	0.0092378752886836	0	5.35345336119477E-06	1	Community 4
177	inter_2_PEOEVSA12*MoranAuto_Mutability2	0.0092378752886836	0	1.62109293229058E-11	1	Community 14
128	inter_2_PEOEVSA12*QSOgrant20	0.0092378752886836	0	1.62109293229058E-11	1	Community 14
121	inter_2_PEOEVSA12*QSOgrant23	0.0092378752886836	0	1.62109293229058E-11	1	Community 14
52	Xch-7dv	0.0092378752886836	1.06919852878282E-05	1.95616044327629E-11	0.666666666666667	Community 7
105	inter_2_PEOEVSA12*APAAC8	0.0092378752886836	0	1.62109293229058E-11	1	Community 14
357	Avalon_FP_87	0.0092378752886836	3.56399509594275E-06	2.0726351145243E-11	0.833333333333333	Community 7
250	inter_2_MRVSA8*_SolventAccessibilityT13	0.0069284064665127	0	2.17579410248899E-12	1	Community 15
254	inter_2_MRVSA8*MoranAuto_ResidueVol24	0.0069284064665127	0	2.17579410248899E-12	1	Community 15
329	Avalon_FP_14	0.0069284064665127	0	1.68913214797033E-11	1	Community 7
39	AATS4dv	0.0069284064665127	0.00327174749807544	1.3291764085554E-06	0.333333333333333	Community 4
258	inter_2_MRVSA8*MoranAuto_Hydrophobicity23	0.0069284064665127	0	2.17579410248899E-12	1	Community 15
28	MAXssCH2	0.0069284064665127	0	7.93955716383447E-05	1	Community 4
392	Avalon_FP_376	0.0069284064665127	6.41519117269695E-05	1.25882550502501E-11	0.333333333333333	Community 7
185	inter_2_MRVSA8*TL	0.0069284064665127	0	2.17579410248899E-12	1	Community 15
264	inter_2_MRVSA1*GearyAuto_Polarizability6	0.0046189376443418	0	1.6336881759373E-13	1	Community 16
68	AATS8v	0.0046189376443418	0	4.4406435661568E-08	1	Community 4
44	AXp-3dv	0.0046189376443418	0	2.22063984887796E-08	1	Community 4
49	NsOH	0.0046189376443418	0	1.6336881759373E-13	1	Community 16
24	CIC1	0.0046189376443418	0	2.37794646223113E-05	1	Community 2
57	n6ARing	0.0046189376443418	0	1.09504749763768E-11	1	Community 7
60	AXp-4dv	0.0046189376443418	0	2.22063984887796E-08	1	Community 4
344	MACCS_FP_42	0.0046189376443418	1.06919852878282E-05	2.79128859202213E-14	0	Community 17
179	inter_2_MRVSA1*GearyAuto_Mutability12	0.0046189376443418	0	1.6336881759373E-13	1	Community 16
75	AATS8m	0.0046189376443418	0	4.4406435661568E-08	1	Community 4
69	AATS1i	0.0023094688221709	0	4.24959785642381E-15	0	Community 18
389	Avalon_FP_433	0.0023094688221709	0	4.24959785642381E-15	0	Community 29
113	inter_2_VSAEstate8*taugrant33	0.0023094688221709	0	4.24959785642381E-15	0	Community 23
26	BCUTv-1l	0.0023094688221709	0	1.97373900440934E-14	0	Community 17
117	inter_2_PEOEVSA4*TWY	0.0023094688221709	0	4.24959785642381E-15	0	Community 24
22	SaasN	0.0023094688221709	0	4.24959785642381E-15	0	Community 21
18	SdCH2	0.0023094688221709	0	4.24959785642381E-15	0	Community 20
16	MATS2p	0.0023094688221709	0	4.24959785642381E-15	0	Community 19
6	AATS3i	0.0023094688221709	0	4.24959785642381E-15	0	Community 18
284	Avalon_FP_355	0.0023094688221709	0	4.24959785642381E-15	0	Community 27
293	MACCS_FP_34	0.0023094688221709	0	4.24959785642381E-15	0	Community 20
99	inter_2_VSAEstate8*APAAC13	0.0023094688221709	0	4.24959785642381E-15	0	Community 23
318	Morgan_FP_238	0.0023094688221709	0	9.49115228248629E-10	0	Community 5
320	Morgan_FP_244	0.0023094688221709	0	4.24959785642381E-15	0	Community 21
203	inter_2_slogPVSA9*CIA	0.0023094688221709	0	4.24959785642381E-15	0	Community 26
333	Avalon_FP_495	0.0023094688221709	0	4.24959785642381E-15	0	Community 28
334	MACCS_FP_66	0.0023094688221709	0	4.24959785642381E-15	0	Community 28
352	Avalon_FP_367	0.0023094688221709	0	4.24959785642381E-15	0	Community 29
339	Avalon_FP_348	0.0023094688221709	0	4.24959785642381E-15	0	Community 27
341	Avalon_FP_308	0.0023094688221709	0	3.07185335050004E-12	0	Community 7
215	inter_2_slogPVSA7*GearyAuto_Hydrophobicity12	0.0023094688221709	0	4.24959785642381E-15	0	Community 25
147	inter_2_slogPVSA7*MoreauBrotoAuto_Hydrophobicity18	0.0023094688221709	0	4.24959785642381E-15	0	Community 25
47	GATS6s	0.0023094688221709	0	4.24959785642381E-15	0	Community 22
74	GATS6se	0.0023094688221709	0	4.24959785642381E-15	0	Community 22
58	GATS2i	0.0023094688221709	0	4.24959785642381E-15	0	Community 19
255	inter_2_PEOEVSA4*CIA	0.0023094688221709	0	4.24959785642381E-15	0	Community 24
429	Morgan_FP_187	0.0023094688221709	0	1.97373900440934E-14	0	Community 17
237	inter_2_slogPVSA9*_ChargeT23	0.0023094688221709	0	4.24959785642381E-15	0	Community 26
413	Avalon_FP_364	0	0	8.29999581332776E-18	0	Community 182
368	Morgan_FP_68	0	0	8.29999581332776E-18	0	Community 140
365	MACCS_FP_158	0	0	8.29999581332776E-18	0	Community 137
418	MACCS_FP_146	0	0	8.29999581332776E-18	0	Community 187
366	Avalon_FP_162	0	0	8.29999581332776E-18	0	Community 138
367	Avalon_FP_404	0	0	8.29999581332776E-18	0	Community 139
432	Morgan_FP_389	0	0	8.29999581332776E-18	0	Community 199
370	Morgan_FP_224	0	0	8.29999581332776E-18	0	Community 142
369	Avalon_FP_35	0	0	8.29999581332776E-18	0	Community 141
363	Morgan_FP_459	0	0	8.29999581332776E-18	0	Community 135
371	Morgan_FP_471	0	0	8.29999581332776E-18	0	Community 143
372	Morgan_FP_360	0	0	8.29999581332776E-18	0	Community 144
373	Morgan_FP_433	0	0	8.29999581332776E-18	0	Community 145
374	Morgan_FP_141	0	0	8.29999581332776E-18	0	Community 146
375	Morgan_FP_186	0	0	8.29999581332776E-18	0	Community 147
376	MACCS_FP_18	0	0	8.29999581332776E-18	0	Community 148
377	Morgan_FP_332	0	0	8.29999581332776E-18	0	Community 149
364	Morgan_FP_260	0	0	8.29999581332776E-18	0	Community 136
360	Morgan_FP_358	0	0	8.29999581332776E-18	0	Community 132
362	Morgan_FP_125	0	0	8.29999581332776E-18	0	Community 134
361	Morgan_FP_89	0	0	8.29999581332776E-18	0	Community 133
347	Morgan_FP_481	0	0	8.29999581332776E-18	0	Community 121
348	Avalon_FP_403	0	0	8.29999581332776E-18	0	Community 122
422	Avalon_FP_458	0	0	8.29999581332776E-18	0	Community 191
349	Morgan_FP_226	0	0	8.29999581332776E-18	0	Community 123
420	Avalon_FP_34	0	0	8.29999581332776E-18	0	Community 189
350	Morgan_FP_200	0	0	8.29999581332776E-18	0	Community 124
351	Morgan_FP_491	0	0	8.29999581332776E-18	0	Community 125
353	Avalon_FP_448	0	0	8.29999581332776E-18	0	Community 126
423	Morgan_FP_333	0	0	8.29999581332776E-18	0	Community 192
419	Morgan_FP_420	0	0	8.29999581332776E-18	0	Community 188
354	Morgan_FP_330	0	0	8.29999581332776E-18	0	Community 127
355	Morgan_FP_374	0	0	8.29999581332776E-18	0	Community 128
356	Morgan_FP_409	0	0	8.29999581332776E-18	0	Community 129
424	MACCS_FP_141	0	0	8.29999581332776E-18	0	Community 193
358	Avalon_FP_370	0	0	8.29999581332776E-18	0	Community 130
359	MACCS_FP_116	0	0	8.29999581332776E-18	0	Community 131
379	Morgan_FP_402	0	0	8.29999581332776E-18	0	Community 151
378	Morgan_FP_436	0	0	8.29999581332776E-18	0	Community 150
381	Avalon_FP_478	0	0	8.29999581332776E-18	0	Community 153
380	Morgan_FP_64	0	0	8.29999581332776E-18	0	Community 152
4	AATSC1v	0	0	8.29999581332776E-18	0	Community 31
400	Avalon_FP_452	0	0	8.29999581332776E-18	0	Community 169
401	Morgan_FP_474	0	0	8.29999581332776E-18	0	Community 170
402	Avalon_FP_209	0	0	8.29999581332776E-18	0	Community 171
415	Morgan_FP_454	0	0	8.29999581332776E-18	0	Community 184
426	Morgan_FP_320	0	0	8.29999581332776E-18	0	Community 195
403	Avalon_FP_499	0	0	8.29999581332776E-18	0	Community 172
404	MACCS_FP_126	0	0	8.29999581332776E-18	0	Community 173
346	Morgan_FP_0	0	0	8.29999581332776E-18	0	Community 120
414	Morgan_FP_153	0	0	8.29999581332776E-18	0	Community 183
430	MACCS_FP_62	0	0	8.29999581332776E-18	0	Community 197
406	Morgan_FP_72	0	0	8.29999581332776E-18	0	Community 175
428	Avalon_FP_31	0	0	8.29999581332776E-18	0	Community 196
407	MACCS_FP_111	0	0	8.29999581332776E-18	0	Community 176
408	Avalon_FP_335	0	0	8.29999581332776E-18	0	Community 177
409	MACCS_FP_93	0	0	8.29999581332776E-18	0	Community 178
410	Morgan_FP_25	0	0	8.29999581332776E-18	0	Community 179
411	MACCS_FP_8	0	0	8.29999581332776E-18	0	Community 180
412	Avalon_FP_472	0	0	8.29999581332776E-18	0	Community 181
431	Avalon_FP_274	0	0	8.29999581332776E-18	0	Community 198
399	Morgan_FP_427	0	0	8.29999581332776E-18	0	Community 168
398	Morgan_FP_42	0	0	8.29999581332776E-18	0	Community 167
416	Morgan_FP_252	0	0	8.29999581332776E-18	0	Community 185
382	MACCS_FP_163	0	0	8.29999581332776E-18	0	Community 154
383	Morgan_FP_342	0	0	8.29999581332776E-18	0	Community 155
384	Avalon_FP_215	0	0	8.29999581332776E-18	0	Community 156
5	NssBH	0	0	8.29999581332776E-18	0	Community 32
386	Morgan_FP_95	0	0	8.29999581332776E-18	0	Community 157
387	Avalon_FP_505	0	0	8.29999581332776E-18	0	Community 158
388	Avalon_FP_182	0	0	8.29999581332776E-18	0	Community 159
425	MACCS_FP_63	0	0	8.29999581332776E-18	0	Community 194
417	Morgan_FP_499	0	0	8.29999581332776E-18	0	Community 186
390	Morgan_FP_149	0	0	8.29999581332776E-18	0	Community 160
391	Morgan_FP_105	0	0	8.29999581332776E-18	0	Community 161
421	Morgan_FP_83	0	0	8.29999581332776E-18	0	Community 190
393	Morgan_FP_230	0	0	8.29999581332776E-18	0	Community 162
394	MACCS_FP_115	0	0	8.29999581332776E-18	0	Community 163
395	Avalon_FP_371	0	0	8.29999581332776E-18	0	Community 164
396	Avalon_FP_339	0	0	8.29999581332776E-18	0	Community 165
397	Avalon_FP_374	0	0	8.29999581332776E-18	0	Community 166
405	Morgan_FP_218	0	0	8.29999581332776E-18	0	Community 174
315	MACCS_FP_132	0	0	8.29999581332776E-18	0	Community 97
345	Avalon_FP_268	0	0	8.29999581332776E-18	0	Community 119
343	Avalon_FP_292	0	0	8.29999581332776E-18	0	Community 118
34	MINsCH3	0	0	8.29999581332776E-18	0	Community 44
33	NsssNH	0	0	8.29999581332776E-18	0	Community 43
32	ATSC3Z	0	0	8.29999581332776E-18	0	Community 42
27	MAXssO	0	0	8.29999581332776E-18	0	Community 41
25	MATS1s	0	0	8.29999581332776E-18	0	Community 40
20	MATS4dv	0	0	8.29999581332776E-18	0	Community 39
19	GATS5Z	0	0	8.29999581332776E-18	0	Community 38
273	inter_2_PEOEVSA3*114	0	0	8.29999581332776E-18	0	Community 66
15	n11FHRing	0	0	8.29999581332776E-18	0	Community 37
14	Xch-3d	0	0	8.29999581332776E-18	0	Community 36
13	NddssSe	0	0	8.29999581332776E-18	0	Community 35
9	GATS6d	0	0	8.29999581332776E-18	0	Community 34
7	GATS1m	0	0	8.29999581332776E-18	0	Community 33
283	Morgan_FP_470	0	0	8.29999581332776E-18	0	Community 67
285	Morgan_FP_50	0	0	8.29999581332776E-18	0	Community 68
286	Avalon_FP_298	0	0	8.29999581332776E-18	0	Community 69
287	Avalon_FP_223	0	0	8.29999581332776E-18	0	Community 70
288	Avalon_FP_48	0	0	8.29999581332776E-18	0	Community 71
289	Avalon_FP_409	0	0	8.29999581332776E-18	0	Community 72
36	MAXaasN	0	0	8.29999581332776E-18	0	Community 45
37	NsSnH3	0	0	8.29999581332776E-18	0	Community 46
38	AATSC4Z	0	0	8.29999581332776E-18	0	Community 47
72	n8FRing	0	0	8.29999581332776E-18	0	Community 58
153	inter_2_EstateVSA7*_HydrophobicityD1075	0	0	8.29999581332776E-18	0	Community 64
141	inter_2_PEOEVSA2*FN	0	0	8.29999581332776E-18	0	Community 63
1	n10FaHRing	0	0	8.29999581332776E-18	0	Community 30
82	MATS6d	0	0	8.29999581332776E-18	0	Community 62
79	NaaN	0	0	8.29999581332776E-18	0	Community 61
78	SaaO	0	0	8.29999581332776E-18	0	Community 60
76	n4HRing	0	0	8.29999581332776E-18	0	Community 59
227	inter_2_EstateVSA1*GearyAuto_ResidueVol20	0	0	8.29999581332776E-18	0	Community 65
71	NsssssP	0	0	8.29999581332776E-18	0	Community 57
41	AATSC7d	0	0	8.29999581332776E-18	0	Community 48
70	MINaaN	0	0	8.29999581332776E-18	0	Community 56
67	SsssNH	0	0	8.29999581332776E-18	0	Community 55
63	NssO	0	0	8.29999581332776E-18	0	Community 54
61	SssssC	0	0	8.29999581332776E-18	0	Community 53
56	ATSC3s	0	0	8.29999581332776E-18	0	Community 52
51	n6HRing	0	0	8.29999581332776E-18	0	Community 51
46	MINssS	0	0	8.29999581332776E-18	0	Community 50
45	GATS8m	0	0	8.29999581332776E-18	0	Community 49
290	Avalon_FP_28	0	0	8.29999581332776E-18	0	Community 73
291	Morgan_FP_316	0	0	8.29999581332776E-18	0	Community 74
292	Morgan_FP_289	0	0	8.29999581332776E-18	0	Community 75
328	Morgan_FP_3	0	0	8.29999581332776E-18	0	Community 108
319	Avalon_FP_267	0	0	8.29999581332776E-18	0	Community 100
321	Morgan_FP_248	0	0	8.29999581332776E-18	0	Community 101
322	Avalon_FP_231	0	0	8.29999581332776E-18	0	Community 102
323	Avalon_FP_250	0	0	8.29999581332776E-18	0	Community 103
324	Morgan_FP_430	0	0	8.29999581332776E-18	0	Community 104
325	Morgan_FP_399	0	0	8.29999581332776E-18	0	Community 105
326	Morgan_FP_266	0	0	8.29999581332776E-18	0	Community 106
327	Morgan_FP_26	0	0	8.29999581332776E-18	0	Community 107
330	Avalon_FP_114	0	0	8.29999581332776E-18	0	Community 109
316	Avalon_FP_190	0	0	8.29999581332776E-18	0	Community 98
331	Morgan_FP_240	0	0	8.29999581332776E-18	0	Community 110
332	Morgan_FP_32	0	0	8.29999581332776E-18	0	Community 111
335	Morgan_FP_82	0	0	8.29999581332776E-18	0	Community 112
336	Avalon_FP_49	0	0	8.29999581332776E-18	0	Community 113
337	Avalon_FP_124	0	0	8.29999581332776E-18	0	Community 114
338	Morgan_FP_222	0	0	8.29999581332776E-18	0	Community 115
340	Morgan_FP_16	0	0	8.29999581332776E-18	0	Community 116
342	MACCS_FP_43	0	0	8.29999581332776E-18	0	Community 117
317	Morgan_FP_361	0	0	8.29999581332776E-18	0	Community 99
314	Avalon_FP_385	0	0	8.29999581332776E-18	0	Community 96
294	Avalon_FP_396	0	0	8.29999581332776E-18	0	Community 76
303	Avalon_FP_312	0	0	8.29999581332776E-18	0	Community 85
295	Avalon_FP_288	0	0	8.29999581332776E-18	0	Community 77
296	Morgan_FP_235	0	0	8.29999581332776E-18	0	Community 78
297	Morgan_FP_372	0	0	8.29999581332776E-18	0	Community 79
298	Avalon_FP_216	0	0	8.29999581332776E-18	0	Community 80
299	Avalon_FP_306	0	0	8.29999581332776E-18	0	Community 81
300	Morgan_FP_242	0	0	8.29999581332776E-18	0	Community 82
301	Avalon_FP_71	0	0	8.29999581332776E-18	0	Community 83
302	Morgan_FP_40	0	0	8.29999581332776E-18	0	Community 84
304	Morgan_FP_484	0	0	8.29999581332776E-18	0	Community 86
313	Morgan_FP_303	0	0	8.29999581332776E-18	0	Community 95
305	Morgan_FP_264	0	0	8.29999581332776E-18	0	Community 87
306	Avalon_FP_195	0	0	8.29999581332776E-18	0	Community 88
307	Morgan_FP_118	0	0	8.29999581332776E-18	0	Community 89
308	Avalon_FP_228	0	0	8.29999581332776E-18	0	Community 90
309	Avalon_FP_10	0	0	8.29999581332776E-18	0	Community 91
310	Morgan_FP_309	0	0	8.29999581332776E-18	0	Community 92
311	Avalon_FP_422	0	0	8.29999581332776E-18	0	Community 93
312	Morgan_FP_275	0	0	8.29999581332776E-18	0	Community 94
433	class	0	0	8.29999581332776E-18	0	Community 200
